{
  "3_24+10": "Ограничение максимальной скорости 10 км/ч",
  "3_24+30": "Ограничение максимальной скорости 30 км/ч",
  "3_24+5": "Ограничение максимальной скорости 5 км/ч",
  "3_24+60": "Ограничение максимальной скорости 60 км/ч",
  "3_24+70": "Ограничение максимальной скорости 70 км/ч",
  "3_24+90": "Ограничение максимальной скорости 90 км/ч",
  "3_24+110": "Ограничение максимальной скорости 110 км/ч",
  "3_24+20": "Ограничение максимальной скорости 20 км/ч",
  "3_24+40": "Ограничение максимальной скорости 40 км/ч",
  "3_24+50": "Ограничение максимальной скорости 50 км/ч",
  "3_24+80": "Ограничение максимальной скорости 80 км/ч",
  "1_12_1": "Опасные повороты (с первым поворотом направо)",
  "1_12_2": "Опасные повороты (с первым поворотом налево)",
  "1_13": "Крутой спуск",
  "1_14": "Крутой подъём",
  "1_19": "Опасная обочина",
  "1_24": "Пересечение с велосипедной дорожкой или велопешеходной дорожкой",
  "1_26": "Перегон скота",
  "1_27": "Дикие животные",
  "3_21": "Конец зоны запрещения обгона",
  "3_31": "Конец зоны всех ограничений",
  "3_33": "Движение транспортных средств с взрывчатыми и легковоспламеняющимися грузами запрещено",
  "4_4_1": "Велосипедная дорожка",
  "4_4_2": "Конец велосипедной дорожки",
  "4_5_2": "Велопешеходная дорожка с совмещенным движением",
  "4_5_4": "Пешеходная и велосипедная дорожка с разделением движения",
  "4_5_5": "Пешеходная и велосипедная дорожка с разделением движения",
  "4_8_5": "Движение транспортных средств с опасными грузами только направо",
  "4_8_6": "Движение транспортных средств с опасными грузами только налево",
  "5_17": "Место остановки трамвая",
  "6_2+50": "Рекомендуемая скорость 50 км/ч",
  "6_2+70": "Рекомендуемая скорость 70 км/ч",
  "6_2+30": "Рекомендуемая скорость 30 км/ч",
  "6_2+40": "Рекомендуемая скорость 40 км/ч",
  "6_2+60": "Рекомендуемая скорость 60 км/ч",
  "6_2+80": "Рекомендуемая скорость 80 км/ч",
  "6_7": "Надземный пешеходный переход",
  "7_1": "Пункт медецинской помощи",
  "7_11": "Место отдыха",
  "7_13": "Полиция",
  "7_14": "Пункт транспортного контроля",
  "7_2": "Больница",
  "7_4": "Техническое обслуживание автомобилей",
  "7_7": "Пункт питания",
  "7_9": "Гостиница или мотель",
  "smoke": "Дым",
  "unknown": "Знак не распознан",
  "1_11_1": "Опасный поворот (правый)",
  "1_11_2": "Опасный поворот (левый)",
  "1_15": "Скользкая дорога",
  "1_16": "Неровная дорога",
  "1_18": "Выброс гравия",
  "1_20_1": "Сужение дороги",
  "1_22": "Пешеходный переход",
  "1_25": "Дорожные работы",
  "1_28": "Падение камней",
  "1_29": "Боковой ветер",
  "1_30": "Низколетящие самолёты",
  "1_8": "Светофорное регулирование",
  "2_3_1": "Пересечение со второстепенной дорогой",
  "2_3_L": "Примыкание второстепенной дороги слева",
  "2_3_R": "Примыкание второстепенной дороги справа",
  "2_6": "Преимущество встречного движения",
  "2_7": "Преимущество перед встречным движением",
  "3_15": "Ограничение длины",
  "3_17": "Таможня",
  "3_20": "Обгон запрещён",
  "3_25+70": "Конец зоны ограничения максимальной скорости 70 км/ч",
  "3_25+20": "Конец зоны ограничения максимальной скорости 20 км/ч",
  "3_25+30": "Конец зоны ограничения максимальной скорости 30 км/ч",
  "3_25+40": "Конец зоны ограничения максимальной скорости 40 км/ч",
  "3_25+50": "Конец зоны ограничения максимальной скорости 50 км/ч",
  "3_25+5": "Конец зоны ограничения максимальной скорости 5 км/ч",
  "3_25+60": "Конец зоны ограничения максимальной скорости 60 км/ч",
  "3_6": "Движение тракторов запрещено",
  "4_1_6": "Движение направо или налево",
  "4_2_1": "Объезд препятствия справа",
  "4_2_2": "Объезд препятствия слева",
  "5_15_5": "Конец полосы",
  "6_3_1": "Место для разворота",
  "7_3": "Автозаправочная станция",
  "7_6": "Телефон",
  "1_17": "Искусственная неровность",
  "3_16": "Ограничение минимальной дистанции",
  "5_15_3": "Начало полосы",
  "5_20": "Искусственная неровность",
  "7_12": "Пост дорожно-патрульной службы",
  "1_31": "Тоннель",
  "3_10": "Движение пешеходов запрещено",
  "3_19": "Разворот запрещен",
  "3_2": "Движение запрещено",
  "3_5": "Движение мотоциклов запрещено",
  "3_7": "Движение с прицепом запрещено",
  "3_9": "Движение на велосипедах запрещено",
  "4_1_2_1": "Движение направо",
  "4_1_3_1": "Движение налево",
  "4_5_1": "Пешеходная дорожка",
  "4_5_6": "Конец велопешеходной дорожки с разделением движения",
  "4_8_1": "Направление движения транспортных средств с опасными грузами прямо",
  "4_8_2": "Направление движения транспортных средств с опасными грузами направо",
  "4_8_3": "Направление движения транспортных средств с опасными грузами налево",
  "5_1": "Автомагистраль",
  "5_11_1": "Дорога с полосой для маршрутных транспортных средств",
  "5_12_1": "Конец дороги с полосой для маршрутных транспортных средств",
  "5_13_1": "Выезд на дорогу с полосой для маршрутных транспортных средств",
  "5_13_2": "Выезд на дорогу с полосой для маршрутных транспортных средств",
  "5_14_1": "Конец полосы для маршрутных транспортных средств",
  "5_14_2": "Полоса для велосипедистов",
  "5_14_3": "Конец полосы для велосипедистов",
  "5_2": "Конец автомагистрали",
  "5_23_2": "Начало населенного пункта",
  "5_24_2": "Конец населенного пункта",
  "5_3": "Дорога для автомобилей",
  "5_4": "Конец дороги для автомобилей",
  "5_8": "Реверсивное движение",
  "7_5": "Мойка автомобилей",
  "3_32": "Движение транспортных средств с опасными грузами запрещено",
  "7_18": "Туалет",
  "1_2": "Железнодорожный переезд без шлагбаума",
  "1_33": "Прочие опасности",
  "1_7": "Пересечение с круговым движением",
  "2_4": "Уступите дорогу",
  "3_18_1": "Поворот направо запрещен",
  "3_18_2": "Поворот налево запрещен",
  "3_8": "Движение гужевых повозок запрещено",
  "4_1_2": "Движение направо",
  "4_1_3": "Движение налево",
  "5_14": "Полоса для маршрутных транспортных средств",
  "6_15_2": "Направление движения для грузовых автомобилей вправо",
  "6_15_3": "Направление движения для грузовых автомобилей влево",
  "6_6": "Подземный пешеходный переход",
  "6_8_1": "Тупик",
  "1_1": "Железнодорожный переезд со шлагбаумом",
  "1_20_2": "Сужение дороги справа",
  "1_20_3": "Сужение дороги слева",
  "1_21": "Двустороннее движение",
  "1_23": "Дети",
  "1_5": "Пересечение с трамвайной линией",
  "2_1": "Главная дорога",
  "2_2": "Конец главной дороги",
  "2_5": "Движение без остановки запрещено",
  "3_1": "Въезд запрещен",
  "3_26": "Подача звукового сигнала запрещена",
  "3_27": "Остановка запрещена",
  "3_28": "Стоянка запрещена",
  "3_29": "Стоянка запрещена по нечетным числам месяца",
  "3_30": "Стоянка запрещена по четным числам месяца",
  "4_1_1": "Движение прямо",
  "4_1_4": "Движение прямо или направо",
  "4_1_5": "Движение прямо или налево",
  "4_2_3": "Объезд препятствия справа или слева",
  "4_3": "Круговое движение",
  "4_8_4": "Направление движения транспортных средств с опасными грузами прямо",
  "5_16": "Место остановки автобуса и (или) троллейбуса",
  "5_18": "Место стоянки легковых такси",
  "5_19": "Пешеходный переход",
  "5_21": "Жилая зона",
  "5_22": "Конец жилой зоны",
  "5_5": "Дорога с односторонним движением",
  "5_6": "Конец дороги с односторонним движением",
  "5_7_1": "Выезд на дорогу с односторонним движением вправо",
  "5_7_2": "Выезд на дорогу с односторонним движением влево",
  "5_9": "Конец реверсивного движения",
  "6_15_1": "Направление движения для грузовых автомобилей",
  "6_16": "Стоп-линия",
  "6_4": "Парковка",
  "6_8_2": "Тупик справа",
  "6_8_3": "Тупик слева",
  "5_29": "Зона регулируемой стоянки",
  "5_31+10": "Зона с ограничением максимальной скорости 10 км/ч",
  "5_31+20": "Зона с ограничением максимальной скорости 20 км/ч",
  "5_31+30": "Зона с ограничением максимальной скорости 30 км/ч",
  "5_31+40": "Зона с ограничением максимальной скорости 40 км/ч",
  "5_31+5": "Зона с ограничением максимальной скорости 5 км/ч",
  "5_31+50": "Зона с ограничением максимальной скорости 50 км/ч",
  "5_32": "Конец зоны с ограничением максимальной скорости",
  "5_33": "Пешеходная зона",
  "1_6": "Пересечение равнозначных дорог",
  "5_15_2+2": "Направление движения по полосе вправо",
  "5_15_2+1": "Направление движения по полосе вперёд",
  "5_15_2+3": "Направление движения по полосе налево",
  "5_15_2+5": "Направление движения по полосе слегка налево"
}
